{
  "granularities": [
    [
      59,
      118,
      128
    ],
    [
      128,
      64,
      64
    ],
    [
      64,
      16,
      1
    ],
    [
      128,
      32,
      1
    ],
    [
      64,
      32,
      1
    ]
  ],
  "subgraph_latencies": [
    89297.06666666668,
    37137.06666666667,
    26214.39999999994,
    34952.53333333333,
    26214.399999999972
  ],
  "subgraphs": [
    [
      0
    ],
    [
      3,
      4
    ],
    [
      9
    ],
    [
      14,
      16
    ],
    [
      17,
      18
    ]
  ],
  "tensors_to_retain": [
    [],
    [],
    [],
    [],
    []
  ],
  "traversal_orders": [
    null,
    null,
    null,
    null,
    null
  ]
}
