{
  "granularities": [
    [
      128,
      128,
      32
    ],
    [
      128,
      53,
      128
    ],
    [
      128,
      128,
      32
    ],
    [
      128,
      53,
      128
    ],
    [
      128,
      128,
      32
    ],
    [
      128,
      53,
      128
    ],
    [
      128,
      213,
      8
    ],
    [
      128,
      213,
      8
    ],
    [
      128,
      213,
      8
    ],
    [
      128,
      8,
      1
    ],
    [
      128,
      58,
      1
    ],
    [
      128,
      58,
      1
    ],
    [
      16,
      128,
      1
    ]
  ],
  "subgraph_latencies": [
    91750.39999999989,
    18778.399999999994,
    91750.39999999989,
    18778.399999999994,
    91750.39999999989,
    18778.399999999994,
    65536.00000000006,
    65536.00000000006,
    65536.00000000006,
    26214.39999999994,
    34952.53333333333,
    34952.53333333333,
    26214.399999999972
  ],
  "subgraphs": [
    [
      0,
      1
    ],
    [
      3
    ],
    [
      5,
      6
    ],
    [
      8
    ],
    [
      10,
      11
    ],
    [
      13
    ],
    [
      2
    ],
    [
      7
    ],
    [
      12
    ],
    [
      4
    ],
    [
      9,
      15
    ],
    [
      14,
      16
    ],
    [
      17,
      18
    ]
  ],
  "tensors_to_retain": [
    [],
    [],
    [],
    [],
    [],
    [],
    [],
    [],
    [],
    [],
    [],
    [],
    []
  ],
  "traversal_orders": [
    null,
    null,
    null,
    null,
    null,
    null,
    null,
    null,
    null,
    null,
    null,
    null,
    null
  ]
}
