{
  "granularities": [
    [
      59,
      118,
      128
    ],
    [
      64,
      128,
      64
    ],
    [
      59,
      118,
      128
    ],
    [
      64,
      128,
      64
    ],
    [
      59,
      118,
      128
    ],
    [
      64,
      128,
      64
    ],
    [
      256,
      16,
      1
    ],
    [
      256,
      16,
      1
    ],
    [
      256,
      16,
      1
    ],
    [
      64,
      128,
      64
    ],
    [
      64,
      128,
      64
    ],
    [
      64,
      128,
      64
    ],
    [
      128,
      8,
      1
    ],
    [
      128,
      8,
      1
    ],
    [
      128,
      8,
      1
    ],
    [
      128,
      8,
      1
    ],
    [
      128,
      16,
      1
    ]
  ],
  "subgraph_latencies": [
    89297.06666666668,
    26214.400000000005,
    89297.06666666668,
    26214.400000000005,
    89297.06666666668,
    26214.400000000005,
    69905.06666666658,
    69905.06666666658,
    69905.06666666658,
    113595.7333333331,
    113595.7333333331,
    113595.7333333331,
    26214.39999999994,
    26214.39999999994,
    26214.39999999994,
    34952.53333333329,
    26214.399999999972
  ],
  "subgraphs": [
    [
      0
    ],
    [
      3
    ],
    [
      5
    ],
    [
      8
    ],
    [
      10
    ],
    [
      13
    ],
    [
      1
    ],
    [
      6
    ],
    [
      11
    ],
    [
      2
    ],
    [
      7
    ],
    [
      12
    ],
    [
      4
    ],
    [
      9
    ],
    [
      14
    ],
    [
      15,
      16
    ],
    [
      17,
      18
    ]
  ],
  "tensors_to_retain": [
    [],
    [],
    [],
    [],
    [],
    [],
    [],
    [],
    [],
    [],
    [],
    [],
    [],
    [],
    [],
    [],
    []
  ],
  "traversal_orders": [
    null,
    null,
    null,
    null,
    null,
    null,
    null,
    null,
    null,
    null,
    null,
    null,
    null,
    null,
    null,
    null,
    null
  ]
}
