{
  "granularities": [
    [
      256,
      512,
      32
    ],
    [
      256,
      128,
      64
    ],
    [
      256,
      512,
      32
    ],
    [
      256,
      128,
      64
    ],
    [
      128,
      512,
      64
    ],
    [
      512,
      128,
      64
    ],
    [
      128,
      64,
      1
    ],
    [
      128,
      512,
      64
    ],
    [
      512,
      128,
      64
    ],
    [
      128,
      64,
      1
    ],
    [
      128,
      512,
      64
    ],
    [
      512,
      128,
      64
    ],
    [
      128,
      64,
      1
    ],
    [
      128,
      512,
      64
    ],
    [
      512,
      128,
      64
    ],
    [
      128,
      64,
      1
    ],
    [
      128,
      512,
      64
    ],
    [
      512,
      128,
      64
    ],
    [
      128,
      64,
      1
    ],
    [
      256,
      512,
      32
    ],
    [
      256,
      128,
      64
    ]
  ],
  "subgraph_latencies": [
    10291200.0,
    10272000.0,
    10291200.0,
    10272000.0,
    10240000.0,
    10252800.0,
    125829.11999999966,
    10240000.0,
    10252800.0,
    125829.11999999966,
    10240000.0,
    10252800.0,
    125829.11999999966,
    10240000.0,
    10252800.0,
    125829.11999999966,
    10240000.0,
    10252800.0,
    125829.11999999966,
    10291200.0,
    10272000.0
  ],
  "subgraphs": [
    [
      0,
      1
    ],
    [
      2,
      3
    ],
    [
      4,
      5
    ],
    [
      6,
      7
    ],
    [
      8
    ],
    [
      9,
      10
    ],
    [
      11
    ],
    [
      12
    ],
    [
      13,
      14
    ],
    [
      15
    ],
    [
      16
    ],
    [
      17,
      18
    ],
    [
      19
    ],
    [
      20
    ],
    [
      21,
      22
    ],
    [
      23
    ],
    [
      24
    ],
    [
      25,
      26
    ],
    [
      27
    ],
    [
      28,
      29
    ],
    [
      30,
      31
    ]
  ],
  "tensors_to_retain": [
    [],
    [],
    [],
    [],
    [],
    [],
    [],
    [],
    [],
    [],
    [],
    [],
    [],
    [],
    [],
    [],
    [],
    [],
    [],
    [],
    []
  ],
  "traversal_orders": [
    null,
    null,
    null,
    null,
    null,
    null,
    null,
    null,
    null,
    null,
    null,
    null,
    null,
    null,
    null,
    null,
    null,
    null,
    null,
    null,
    null
  ]
}
