{
  "granularities": [
    [
      128,
      128,
      32
    ],
    [
      128,
      45,
      128
    ],
    [
      128,
      128,
      32
    ],
    [
      128,
      45,
      128
    ],
    [
      128,
      128,
      32
    ],
    [
      128,
      45,
      128
    ],
    [
      128,
      64,
      8
    ],
    [
      128,
      64,
      8
    ],
    [
      128,
      64,
      8
    ],
    [
      128,
      8,
      1
    ],
    [
      64,
      32,
      1
    ]
  ],
  "subgraph_latencies": [
    91750.39999999989,
    18568.533333333333,
    91750.39999999989,
    18568.533333333333,
    91750.39999999989,
    18568.533333333333,
    122333.86666666457,
    122333.86666666457,
    122333.86666666457,
    34952.53333333329,
    26214.399999999972
  ],
  "subgraphs": [
    [
      0,
      1
    ],
    [
      3
    ],
    [
      5,
      6
    ],
    [
      8
    ],
    [
      10,
      11
    ],
    [
      13
    ],
    [
      2,
      4
    ],
    [
      7,
      9
    ],
    [
      12,
      14
    ],
    [
      15,
      16
    ],
    [
      17,
      18
    ]
  ],
  "tensors_to_retain": [
    [],
    [],
    [],
    [],
    [],
    [],
    [],
    [],
    [],
    [],
    []
  ],
  "traversal_orders": [
    null,
    null,
    null,
    null,
    null,
    null,
    null,
    null,
    null,
    null,
    null
  ]
}
